num,phenotype,
660,Léri-Weill dyschondrosteosis,
1640,Femoral agenesis/hypoplasia,
3050,IVIC syndrome,
1780,"Endosteal hyperostosis, Worth type",
18835,Parietal foramina with clavicular hypoplasia,
10450,Multicentric osteolysis-nodulosis-arthropathy spectrum,
400,Metaphyseal anadysplasia,
24115,Ehlers-Danlos/osteogenesis imperfecta syndrome,
705,"Spondyloepiphyseal dysplasia tarda, Kohn type",
850,Mandibuloacral dysplasia,
10900,Short stature-onychodysplasia-facial dysmorphism-hypotrichosis syndrome,
3075,Tarsal-carpal coalition syndrome,
520,Postaxial tetramelic oligodactyly,
2975,Craniometaphyseal dysplasia,
400,Upington disease,
12255,Traumatic avascular necrosis,
3475,Hypochondroplasia,
6030,"Craniosynostosis, Boston type",
14580,Isolated plagiocephaly,
5950,Coxopodopatellar syndrome,
43045,"Hip dysplasia, Beukes type",
255235,Mixed sclerosing bone dystrophy with extra-skeletal manifestations,
1155,Crouzon disease,
1685,Syndactyly type 8,
410,Familial calcium pyrophosphate deposition,
17960,Osteonecrosis of the jaw,
2855,Humeral agenesis/hypoplasia,
225,NEK9-related lethal skeletal dysplasia,
3865,Leukoencephalopathy-spondyloepimetaphyseal dysplasia syndrome,
555,Radial hemimelia,
<10,Richieri Costa-da Silva syndrome,
11145,Congenital osteogenesis imperfecta-microcephaly-cataracts syndrome,
790,X-linked mandibulofacial dysostosis,
68920,Dysplastic cortical hyperostosis,
1960,Craniorhiny,
81650,Neonatal severe primary hyperparathyroidism,
8595,Achondrogenesis,
3195,Pseudoaminopterin syndrome,
160,Camurati-Engelmann disease,
99695,Severe dermatitis-multiple allergies-metabolic wasting syndrome,
9895,2q37 microdeletion syndrome,
245,Melkersson-Rosenthal syndrome,
880,Crossed polysyndactyly,
695,Spondylo-megaepiphyseal-metaphyseal dysplasia,
2665,Weaver syndrome,
7245,Hyperostosis corticalis generalisata,
960,Fibrous dysplasia of bone,
3760,Kienbock disease,
1733745,Pruritic urticarial papules and plaques of pregnancy,
5835,X-linked osteoporosis with fractures,
2845,"Craniometadiaphyseal dysplasia, wormian bone type",
2360,Congenital hypoplasia of thumb,
<10,Radioulnar synostosis-microcephaly-scoliosis syndrome,
105,Autosomal recessive amelia,
15080,Isolated scaphocephaly,
2890,Triphalangeal thumbs-brachyectrodactyly syndrome,
20345,Epiphysiolysis of the hip,
1460,Femoral agenesis/hypoplasia,
1725,"Endosteal hyperostosis, Worth type",
10415,Multicentric osteolysis-nodulosis-arthropathy spectrum,
5250,Ankylosing vertebral hyperostosis with tylosis,
11530,Schwartz-Jampel syndrome,
360,Metaphyseal anadysplasia,
3485,Majeed syndrome,
9815,Congenital contractural arachnodactyly,
520,Brachydactyly type C,
23915,Ehlers-Danlos/osteogenesis imperfecta syndrome,
13255,Endosteal sclerosis-cerebellar hypoplasia syndrome,
16120,Spondylocarpotarsal synostosis,
355,Fibular hemimelia,
6750,Isolated congenital digital clubbing,
240,Mucolipidosis type II,
10145,Hand-foot-genital syndrome,
37730,Hereditary thrombophilia due to congenital histidine-rich (poly-L) glycoprotein deficiency,
1200,Cenani-Lenz syndrome,
163200,X-linked hypophosphatemia,
70,Congenital absence of thigh and lower leg with foot present,
4500,Hereditary angioedema with normal C1Inh,
3520,"Brachyolmia, Maroteaux type",
6560,Osteochondrosis of the tarsal bone,
48475,Familial chondromalacia patellae,
1710,Cranio-osteoarthropathy,
1100,Astley-Kendall dysplasia,
815,Pelvis-shoulder dysplasia,
6145,Oculoauriculovertebral spectrum with radial defects,
4975,Polydactyly of a triphalangeal thumb,
13995,Pfeiffer syndrome,
75,Congenital absence of both lower leg and foot,
14985,Bruck syndrome,
665,Metaphyseal dysplasia-maxillary hypoplasia-brachydacty syndrome,
4095,TMEM165-CDG,
245,Aspartylglucosaminuria,
2110,Allergic bronchopulmonary aspergillosis,
395,Upington disease,
10890,"Microcephalic primordial dwarfism, Toriello type",
12205,Traumatic avascular necrosis,
9945,Blount disease,
220,Amelia of upper limb,
3425,Hypochondroplasia,
3710,Proximal symphalangism,
52090,Renin-angiotensin-aldosterone system-blocker-induced angioedema,
15395,"Thiemann disease, familial form",
5685,Temtamy preaxial brachydactyly syndrome,
263145,Bipartite talus,
2560,Craniosynostosis-Dandy-Walker malformation-hydrocephalus syndrome,
<10,Filippi syndrome,
18600,Humerus trochlea aplasia,
13685,Isolated plagiocephaly,
104025,Drug rash with eosinophilia and systemic symptoms,
8955,Ossification anomalies-psychomotor developmental delay syndrome,
13435,Pancreatic insufficiency-anemia-hyperostosis syndrome,
380,Severe lateral tibial bowing with short stature,
3025,Mesoaxial synostotic syndactyly with phalangeal reduction,
20435,Polydactyly of an index finger,
21770,Uhl anomaly,
210,Thoracolaryngopelvic dysplasia,
160650,Autosomal recessive hypophosphatemic rickets,
3400,Carpotarsal osteochondromatosis,
15,Isolated arhinencephaly,
32995,Spina bifida-hypospadias syndrome,
13230,3MC syndrome,
24115,Periodontal Ehlers-Danlos syndrome,
5750,Classic congenital adrenal hyperplasia due to 21-hydroxylase deficiency,
99410,Focal dermal hypoplasia,
3265,Coloboma of iris,
365,Junctional epidermolysis bullosa inversa,
9835,Fragile X syndrome,
240,"48,XXXY syndrome",
70,Pitt-Hopkins syndrome,
44690,Arachnoid cyst,
<10,Laurence-Moon syndrome,
3685,Microphthalmia-brain atrophy syndrome,
690,"48,XYYY syndrome",
225,Isolated arrhinia,
695,"Autosomal recessive generalized dystrophic epidermolysis bullosa, intermediate form",
10045,Distal arthrogryposis type 10,
95,Wiedemann-Steiner syndrome,
50815,Congenital laryngeal palsy,
665,"Progressive epilepsy-intellectual disability syndrome, Finnish type",
415,Colobomatous optic disc-macular atrophy-chorioretinopathy syndrome,
85,Edinburgh malformation syndrome,
985,Monosomy 5p,
12455,Autism spectrum disorder due to AUTS2 deficiency,
320,Aniridia-cerebellar ataxia-intellectual disability syndrome,
2360,Coloboma of optic disc,
6525,Camptodactyly of fingers,
411770,Supratip dysplasia,
14270,Coffin-Lowry syndrome,
<10,DOORS syndrome,
13960,Microduplication Xp11.22p11.23 syndrome,
3705,"Congenital lethal myopathy, Compton-North type",
5325,Commissural lip fistula,
<10,Lissencephaly due to LIS1 mutation,
4575,Epiblepharon,
1400,MEGDEL syndrome,
135,Arrhinia-choanal atresia-microphthalmia syndrome,
<10,ADNP syndrome,
7410,Dopamine beta-hydroxylase deficiency,
7230,Morgagni-Stewart-Morel syndrome,
24815,Microcephalic cortical malformations-short stature due to RTTN deficiency,
17865,Congenital hydrocephalus,
5540,Phakomatosis pigmentovascularis,
10690,SIM1-related Prader-Willi-like syndrome,
<10,Polymicrogyria with optic nerve hypoplasia,
2205,Cervicofacial fibrochondroma,
200,Mucolipidosis type IV,
350,Acral self-healing collodion baby,
9955,Isolated congenital radial head dislocation,
780,Renpenning syndrome,
45,Monosomy 22,
3710,Cerebellar ataxia-ectodermal dysplasia syndrome,
4855,Corpus callosum agenesis-macrocephaly-hypertelorism syndrome,
21820,Alopecia-intellectual disability-hypergonadotropic hypogonadism syndrome,
655,Epidermolysis bullosa simplex with muscular dystrophy,
84390,Athabaskan brainstem dysgenesis syndrome,
6775,Lissencephaly due to TUBA1A mutation,
690,"Autosomal recessive generalized dystrophic epidermolysis bullosa, severe form",
3820,Nanophthalmos,
235,Ring chromosome 18 syndrome,
23155,X-linked intellectual disability due to GRIA3 mutations,
24140,Dermatosparaxis Ehlers-Danlos syndrome,
36005,Thickened earlobes-conductive deafness syndrome,
19515,Fourth branchial cleft anomaly,
2825,Hennekam-Beemer syndrome,
<10,X-linked intellectual disability-retinitis pigmentosa syndrome,
37610,Myelomeningocele,
30,Borjeson-Forssman-Lehmann syndrome,
340,Autosomal recessive palmoplantar keratoderma and congenital alopecia,
5830,Testicular agenesis,
19015,Autosomal dominant hyperinsulinism due to Kir6.2 deficiency,
285,Mosaic trisomy 14,
3500,Ocular albinism with late-onset sensorineural deafness,
1780,Isolated congenital megalocornea,
510,Congenital primary aphakia,
193105,Congenital infiltrating lipomatosis of the face,
10175,Familial congenital nasolacrimal duct obstruction,
3685,PRUNE1-related neurological syndrome,
335,Syndactyly-nystagmus syndrome due to 2q31.1 microduplication,
420,Gingival fibromatosis-hypertrichosis syndrome,
6055,Congenital patella dislocation,
1795,Congenital tracheal stenosis,
23955,Autosomal dominant vitreoretinochoroidopathy,
<10,Intellectual disability-facial dysmorphism syndrome due to SETD5 haploinsufficiency,
2080,Riboflavin transporter deficiency,
390,Cochleovestibular dysplasia,
955,Steatocystoma multiplex-natal teeth syndrome,
13395,Intellectual disability-short stature-hypertelorism syndrome,
100,Trisomy 8p,
895,Pseudohypoparathyroidism type 1B,
14540,Microcephaly-brain defect-spasticity-hypernatremia syndrome,
1060,Odonto-onycho-dermal dysplasia,
18430,Upper limb hypertrophy,
20855,Arnold-Chiari malformation type II,
195,Pachyonychia congenita,
85,9q21.13 microdeletion syndrome,
1900,Proboscis lateralis,
99355,Rothmund-Thomson syndrome,
700,Partial androgen insensitivity syndrome,
510,Hemimegalencephaly,
1525,Autosomal recessive myogenic arthrogryposis multiplex congenita,
440,Generalized glucocorticoid resistance syndrome,
14895,Early-onset epileptic encephalopathy-cortical blindness-intellectual disability-facial dysmorphism syndrome,
35335,X-linked external auditory canal atresia-dilated internal auditory canal-facial dysmorphism syndrome,
1175,Aniridia-intellectual disability syndrome,
1515,Autosomal dominant cerebellar ataxia-deafness-narcolepsy syndrome,
8515,H syndrome,
23300,Familial thyroglossal duct cyst,
<10,White matter hypoplasia-corpus callosum agenesis-intellectual disability syndrome,
13500,Isolated focal cortical dysplasia,
765,Lethal intrauterine growth restriction-cortical malformation-congenital contractures syndrome,
15425,X-linked Charcot-Marie-Tooth disease type 3,
1330,Congenital cornea plana,
17885,Primary laryngeal lymphangioma,
155,Tetraploidy,
5570,Preaxial polydactyly-colobomata-intellectual disability syndrome,
45000,Corneal dystrophy-perceptive deafness syndrome,
440780,Idiopathic gastroparesis,
8175,Cold-induced sweating syndrome,
570,ATP13A2-related juvenile neuronal ceroid lipofuscinosis,
770,Adenylosuccinate lyase deficiency,
305,"Cerebellar ataxia, Cayman type",
2160,Periodic fever-infantile enterocolitis-autoinflammatory syndrome,
83330,African iron overload,
234090,Hyperbiliverdinemia,
830,Helicoid peripapillary chorioretinal degeneration,
300,Hemolytic anemia due to diphosphoglycerate mutase deficiency,
181465,Autism-facial port-wine stain syndrome,
490,Alkaptonuria,
3550,Oculocutaneous albinism type 6,
2135,Plummer-Vinson syndrome,
72390,Coats plus syndrome,
747510,IRIDA syndrome,
81320,Hyperekplexia-epilepsy syndrome,
20495,Early-onset autosomal dominant Alzheimer disease,
210345,X-linked cone dysfunction syndrome with myopia,
2130,Autosomal dominant adult-onset proximal spinal muscular atrophy,
16345,Semantic dementia,
25195,Young syndrome,
217185,NK-cell enteropathy,
115,Transient tyrosinemia of the newborn,
130,Growth delay-intellectual disability-hepatopathy syndrome,
46225,Familial generalized lentiginosis,
310,Blue diaper syndrome,
7410,Infantile spasms syndrome,
7505,Autosomal dominant keratitis,
46060,Hereditary combined deficiency of vitamin K-dependent clotting factors,
4320,Fused mandibular incisors,
3080,Pseudo-von Willebrand disease,
<10,"X-linked intellectual disability, Schimke type",
1695,Global developmental delay-neuro-ophthalmological abnormalities-seizures-intellectual disability syndrome,
8455,Paroxysmal exertion-induced dyskinesia,
10,Hemolytic anemia due to erythrocyte adenosine deaminase overproduction,
8760,Infantile-onset axonal motor and sensory neuropathy-optic atrophy-neurodegenerative syndrome,
2475,Immunoglobulin heavy chain deficiency,
75515,Rare non-syndromic intellectual disability,
545,Overhydrated hereditary stomatocytosis,
430,Eosinophilic colitis,
1510820,STT3A-CDG,
3630,GM3 synthase deficiency,
3755,Ataxia-tapetoretinal degeneration syndrome,
13320,CNTNAP2-related developmental and epileptic encephalopathy,
350,Childhood disintegrative disorder,
1460,Senior-Boichis syndrome,
11410,Acetazolamide-responsive myotonia,
786380,Microcytic anemia with liver iron overload,
310,Hydroxykynureninuria,
5645,"Progeroid syndrome, Petty type",
475,Ornithine transcarbamylase deficiency,
2440,Menkes disease,
3195,Bleeding diathesis due to thromboxane synthesis deficiency,
<10,KCNQ2-related epileptic encephalopathy,
55950,Distal hereditary motor neuropathy type 7,
775,Hereditary orotic aciduria,
19680,Autosomal dominant polycystic kidney disease,
24905,Chronic mucocutaneous candidiasis,
4500,Immunodeficiency with factor I anomaly,
77940,Hereditary neutrophilia,
3685,Hermansky-Pudlak syndrome,
1630,Hypermethioninemia due to glycine N-methyltransferase deficiency,
<10,Hemolytic anemia due to adenylate kinase deficiency,
938625,HTRA1-related autosomal dominant cerebral small vessel disease,
5150,Hereditary pediatric Behçet-like disease,
177715,Familial recurrent peripheral facial palsy,
84255,Brain dopamine-serotonin vesicular transport disease,
5025,"Ocular motor apraxia, Cogan type",
<10,Immunodeficiency due to a late component of complement deficiency,
3850,Congenital myopathy with internal nuclei and atypical cores,
545,Early infantile epileptic encephalopathy,
3990,Dental ankylosis,
4175,Glycogen storage disease due to muscle phosphorylase kinase deficiency,
375,Ataxia-oculomotor apraxia type 4,
15555,Autosomal recessive Charcot-Marie-Tooth disease type 2X,
10150,Foveal hypoplasia-presenile cataract syndrome,
3180,Congenital retinal arteriovenous communication,
469340,X-linked parkinsonism-spasticity syndrome,
<10,AHDC1-related intellectual disability-obstructive sleep apnea-mild dysmorphism syndrome,
7918105,"Mitochondrial DNA depletion syndrome, encephalomyopathic form with renal tubulopathy",
55,Isolated congenital breast hypoplasia/aplasia,
30135,Pyridoxal phosphate-responsive seizures,
71070,IRVAN syndrome,
45270,X-linked endothelial corneal dystrophy,
11775,Macrothrombocytopenia with mitral valve insufficiency,
4760,Cystic leukoencephalopathy without megalencephaly,
2210,Familial anetoderma,
2725,Glycine encephalopathy,
15,Leukonychia totalis,
4380,Choreoacanthocytosis,
54255,Progressive non-fluent aphasia,
433340,Holocarboxylase synthetase deficiency,
4675,Multiple sclerosis-ichthyosis-factor VIII deficiency syndrome,
99610,Peeling skin-leukonychia-acral punctate keratoses-cheilitis-knuckle pads syndrome,
3845,Autosomal dominant spastic paraplegia type 10,
670,Gamma-glutamyl transpeptidase deficiency,
360,"Hereditary bullous dystrophy, macular type",
<10,Lafora disease,
2115,"Neurogenic scapuloperoneal syndrome, Kaeser type",
4885,Roch-Leri mesosomatous lipomatosis,
220,Kufor-Rakeb syndrome,
6350,Benign hereditary chorea,
3790,Mitochondrial myopathy-cerebellar ataxia-pigmentary retinopathy syndrome,
14120,Combined oxidative phosphorylation defect type 29,
10780,Keratosis follicularis-dwarfism-cerebral atrophy syndrome,
8635,Infantile dystonia-parkinsonism,
81465,Progressive encephalopathy with leukodystrophy due to DECR deficiency,
415,Ichthyosis hystrix of Curth-Macklin,
2720,Cystinosis,
1490,Spinocerebellar ataxia type 30,
220,Sialidosis type 1,
24265,Reticular dystrophy of the retinal pigment epithelium,
3010,Citrullinemia type II,
545,Hereditary cryohydrocytosis with reduced stomatin,
45965,Congenital factor II deficiency,
4055,Isolated delta-storage pool disease,
13340,Dubin-Johnson syndrome,
90,CLCN4-related X-linked intellectual disability syndrome,
11250,Anodontia,
13435,Huntington disease,
8565,Infantile-onset generalized dyskinesia with orofacial involvement,
8920,Hereditary sensory and autonomic neuropathy type 1B,
695,HSD10 disease,
520,Sodium channelopathy-related small fiber neuropathy,
8525,Sea-blue histiocytosis,
4715,CACH syndrome,
15145,Corticobasal syndrome,
3090,Argininemia,
3555,Mendelian susceptibility to mycobacterial diseases due to complete IFNgammaR1 deficiency,
44555,Congenital hereditary endothelial dystrophy type I,
11410,Mesial temporal lobe epilepsy with hippocampal sclerosis,
1925,Congenital sideroblastic anemia-B-cell immunodeficiency-periodic fever-developmental delay syndrome,
3835,Congenital muscular dystrophy with intellectual disability,
34485,Familial angiolipomatosis,
240,Ferro-cerebro-cutaneous syndrome,
680,Ataxia-oculomotor apraxia type 1,
10,Hemolytic anemia due to pyrimidine 5^ nucleotidase deficiency,
912955,LAMA5-related multisystemic syndrome,
77935,Parana hard skin syndrome,
4190,Glycogen storage disease due to muscle beta-enolase deficiency,
5880,Neurofibromatosis type 6,
41600,Acute infantile liver failure-multisystemic involvement syndrome,
1740,Hypermethioninemia encephalopathy due to adenosine kinase deficiency,
83910,Biotin-thiamine-responsive basal ganglia disease,
<10,POMT1-related  limb-girdle muscular dystrophy R11,
775,Hereditary xanthinuria,
73105,Chuvash erythrocytosis,
805,Choroideremia,
3200,X-linked retinal dysplasia,
4515,Complement component 3 deficiency,
435,Spinocerebellar ataxia with axonal neuropathy type 2,
1515,Cerebellar ataxia with neuropathy and bilateral vestibular areflexia syndrome,
3520,Hemophilia B,
10270,Angelman syndrome,
1895,D-glyceric aciduria,
1680,Primary ciliary dyskinesia,
1352330,Familial episodic pain syndrome,
2735,Hyperprolinemia type 2,
675,Congenital dyserythropoietic anemia type II,
1030,Periodic paralysis with later-onset distal motor neuropathy,
6600,Microlissencephaly-micromelia syndrome,
580,Familial dyskinesia and facial myokymia,
3995,X-linked intellectual disability-psychosis-macroorchidism syndrome,
890,"Fructose-1,6-bisphosphatase deficiency",
24490,Best vitelliform macular dystrophy,
3130,Hepatoerythropoietic porphyria,
<10,Rolandic epilepsy-speech dyspraxia syndrome,
<10,Charcot-Marie-Tooth disease type 1C,
24375,Female infertility due to zona pellucida defect,
1650,FOXG1 syndrome,
2055,Neutrophil immunodeficiency syndrome,
8185,Harlequin syndrome,
2485,Immunodeficiency due to selective anti-polysaccharide antibody deficiency,
2820,Phenylketonuria,
99645,Primary non-essential cutis verticis gyrata,
1445,"Primary dystonia, DYT21 type",
59980,Familial temporal lobe epilepsy,
1520,Dentin dysplasia,
3960,Isolated complex I deficiency,
256065,X-linked intellectual disability-seizures-psoriasis syndrome,
10,Thymic aplasia,
690,Primary lateral sclerosis,
14040,Hypotonia-failure to thrive-microcephaly syndrome,
9970,Familial advanced sleep-phase syndrome,
480,Tyrosinemia type 3,
17320,"Severe X-linked intellectual disability, Gustavson type",
<10,Vocal cord and pharyngeal distal myopathy,
18625,Atypical autism,
685,Psychomotor regression-oculomotor apraxia-movement disorder-nephropathy syndrome,
965,Episodic ataxia type 4,
25095,Non-syndromic male infertility due to sperm motility disorder,
949365,Cerebral autosomal recessive arteriopathy-subcortical infarcts-leukoencephalopathy,
76620,Nephrogenic syndrome of inappropriate antidiuresis,
15510,Autosomal dominant Charcot-Marie-Tooth disease type 2W,
81945,Hereditary hyperekplexia,
2575,Pulmonary alveolar microlithiasis,
441760,Idiopathic bronchiectasis,
3675,Attenuated Chédiak-Higashi syndrome,
290,Severe combined immunodeficiency due to FOXN1 deficiency,
81740,"Congenital lactic acidosis, Saguenay-Lac-Saint-Jean type",
1950,Familial nasal acilia,
30860,X-linked spasticity-intellectual disability-epilepsy syndrome,
2705,Neutral lipid storage disease with ichthyosis,
4055,Gray platelet syndrome,
7880,Hemidystonia-hemiatrophy syndrome,
5295,Autoinflammation-PLCG2-associated antibody deficiency-immune dysregulation,
2825,Idiopathic camptocormia,
4550,PANDAS,
1335,Drug-induced autoimmune hemolytic anemia,
84855,Symmetrical thalamic calcifications,
1715,Cerebral visual impairment,
950,Isolated congenital onychodysplasia,
73045,Idiopathic anterior uveitis,
62290,Infantile apnea,
10525,Polyneuropathy associated with IgM monoclonal gammapathy with anti-MAG,
134090,Menstrual cycle-dependent periodic fever,
4915,Idiopathic linear interstitial keratitis,
44220,Climatic droplet keratopathy,
3485,Polyclonal hyperviscosity syndrome,
1425,Isovaleric acidemia,
16800,Micturation-induced seizures,
100,Kuru,
162105,Diffuse panbronchiolitis,
25110,Male infertility with azoospermia or oligozoospermia due to single gene mutation,
25,Eating reflex epilepsy,
11350,Autosomal dominant epilepsy with auditory features,
55205,Inflammatory pseudotumor of the liver,
6610,Progressive hemifacial atrophy,
160,Steroid-responsive encephalopathy associated with autoimmune thyroiditis,
4060,Neuroleptic malignant syndrome,
8235,Idiopathic dropped head syndrome,
9570,Congenitally short costocoracoid ligament,
18965,Florid cemento-osseous dysplasia,
15530,Logopenic progressive aphasia,
2965,Oromandibular dystonia,
1960,Craniorhiny,
99695,Severe dermatitis-multiple allergies-metabolic wasting syndrome,
245,Melkersson-Rosenthal syndrome,
880,Crossed polysyndactyly,
695,Spondylo-megaepiphyseal-metaphyseal dysplasia,
960,Fibrous dysplasia of bone,
1733745,Pruritic urticarial papules and plaques of pregnancy,
2845,"Craniometadiaphyseal dysplasia, wormian bone type",
15080,Isolated scaphocephaly,
520,Brachydactyly type C,
13255,Endosteal sclerosis-cerebellar hypoplasia syndrome,
355,Fibular hemimelia,
4500,Hereditary angioedema with normal C1Inh,
1100,Astley-Kendall dysplasia,
6145,Oculoauriculovertebral spectrum with radial defects,
4975,Polydactyly of a triphalangeal thumb,
13995,Pfeiffer syndrome,
665,Metaphyseal dysplasia-maxillary hypoplasia-brachydacty syndrome,
2110,Allergic bronchopulmonary aspergillosis,
52090,Renin-angiotensin-aldosterone system-blocker-induced angioedema,
5685,Temtamy preaxial brachydactyly syndrome,
104025,Drug rash with eosinophilia and systemic symptoms,
3055,Humeral agenesis/hypoplasia,
515,Brachydactyly type A2,
11185,Congenital osteogenesis imperfecta-microcephaly-cataracts syndrome,
8600,Achondrogenesis,
7250,Hyperostosis corticalis generalisata,
14085,Oculoauriculofrontonasal syndrome,
2455,Congenital hypoplasia of thumb,
3025,Cartilage-hair hypoplasia,
10085,Congenital contractural arachnodactyly,
6925,Isolated congenital digital clubbing,
163500,X-linked hypophosphatemia,
880,Pelvis-shoulder dysplasia,
15045,Bruck syndrome,
10985,"Microcephalic primordial dwarfism, Toriello type",
690,Spondyloepimetaphyseal dysplasia-short limb-abnormal calcification syndrome,
15410,"Thiemann disease, familial form",
18945,Humerus trochlea aplasia,
1230,Crouzon disease,
10945,Trichorhinophalangeal syndrome type 1 and 3,
18000,Osteonecrosis of the jaw,
1100,Brachytelephalangic chondrodysplasia punctata,
10035,2q37 microdeletion syndrome,
14015,Muenke syndrome,
860,Exostoses-anetodermia-brachydactyly type E syndrome,
5755,Syndactyly-camptodactyly and clinodactyly of fifth fingers-bifid toes syndrome,
245,Mucolipidosis type II,
3000,Metaphyseal chondromatosis with D-2-hydroxyglutaric aciduria,
665,"Spondylometaphyseal dysplasia, A4 type",
6575,Osteochondrosis of the tarsal bone,
1710,Cranio-osteoarthropathy,
163550,Hypocalcemic vitamin D-resistant rickets,
10040,Blount disease,
13365,Postaxial polydactyly-anterior pituitary anomalies-facial dysmorphism syndrome,
<10,Filippi syndrome,
710,"Spondyloepiphyseal dysplasia, MacDermot type",
9260,Ossification anomalies-psychomotor developmental delay syndrome,
6205,Coxopodopatellar syndrome,
240,NEK9-related lethal skeletal dysplasia,
750,Radial hemimelia,
530,Fibular aplasia-complex brachydactyly syndrome,
5850,X-linked osteoporosis with fractures,
<10,Radioulnar synostosis-microcephaly-scoliosis syndrome,
3065,Triphalangeal thumbs-brachyectrodactyly syndrome,
13315,EEM syndrome,
10975,Geleophysic dysplasia,
163180,Hypophosphatasia,
1085,X-linked dominant chondrodysplasia punctata,
11185,High bone mass osteogenesis imperfecta,
660,Acromicric dysplasia,
5760,Adams-Oliver syndrome,
1220,Cenani-Lenz syndrome,
870,Acrodysplasia scoliosis,
268565,Bipartite talus,
14095,Pancreatic insufficiency-anemia-hyperostosis syndrome,
7245,Hyperostosis cranialis interna,
3040,Mesomelia-synostoses syndrome,
805,X-linked mandibulofacial dysostosis,
700,"Spondyloepimetaphyseal dysplasia, Geneviève type",
245,Thoracomelic dysplasia,
5720,ADULT syndrome,
2960,Wormian bone-multiple fractures-dentinogenesis imperfecta-skeletal dysplasia,
14140,Hunter-McAlpine craniosynostosis,
5270,Ankylosing vertebral hyperostosis with tylosis,
163445,Hereditary hypophosphatemic rickets with hypercalciuria,
885,Syndactyly type 4,
1080,Multiple epiphyseal dysplasia type 5,
10920,Campomelic dysplasia,
13415,Craniosynostosis-hydrocephalus-Arnold-Chiari malformation type I-radioulnar synostosis syndrome,
255,Aspartylglucosaminuria,
6260,Osteosclerosis-developmental delay-craniosynostosis syndrome,
660,Lethal Kniest-like dysplasia,
14555,"Craniosynostosis, Herrmann-Opitz type",
13340,Craniosynostosis-anal anomalies-porokeratosis syndrome,
14165,Camptodactyly-joint contractures-facial skeletal defects syndrome,
660,Léri-Weill dyschondrosteosis,
1640,Femoral agenesis/hypoplasia,
3050,IVIC syndrome,
1780,"Endosteal hyperostosis, Worth type",
18835,Parietal foramina with clavicular hypoplasia,
10450,Multicentric osteolysis-nodulosis-arthropathy spectrum,
400,Metaphyseal anadysplasia,
24115,Ehlers-Danlos/osteogenesis imperfecta syndrome,
705,"Spondyloepiphyseal dysplasia tarda, Kohn type",
850,Mandibuloacral dysplasia,
10900,Short stature-onychodysplasia-facial dysmorphism-hypotrichosis syndrome,
3075,Tarsal-carpal coalition syndrome,
520,Postaxial tetramelic oligodactyly,
2975,Craniometaphyseal dysplasia,
400,Upington disease,
12255,Traumatic avascular necrosis,
3475,Hypochondroplasia,
6030,"Craniosynostosis, Boston type",
14580,Isolated plagiocephaly,
14555,"Craniosynostosis, Herrmann-Opitz type",
13340,Craniosynostosis-anal anomalies-porokeratosis syndrome,
14165,Camptodactyly-joint contractures-facial skeletal defects syndrome,
<10,Shone complex,
16075,Tetralogy of Fallot,
3960,Fixed subaortic stenosis,
1080,Andersen-Tawil syndrome,
34270,Lown-Ganong-Levine syndrome,
23205,Isolated congenital microcephaly,
185870,Incessant infant ventricular tachycardia,
375,Hypertrichosis cubiti,
365,Congenital stenosis of the inferior vena cava,
3360,Primary angiitis of the central nervous system,
<10,CHIME syndrome,
1896770,Familial atrial fibrillation,
1825,Congenital total pulmonary venous return anomaly,
81185,Congenital velopharyngeal incompetence,
54160,"Idiopathic ventricular fibrillation, non Brugada type",
15000,Cervical hypertrichosis-peripheral neuropathy syndrome,
400,Pulmonary artery hypoplasia,
13615,Lethal left ventricular non-compaction-seizures-hypotonia-cataract-developmental delay syndrome,
12995,Megalencephaly-polymicrogyria-postaxial polydactyly-hydrocephalus syndrome,
865,Intellectual disability-developmental delay-contractures syndrome,
20570,BVES-related limb-girdle muscular dystrophy,
660,Prolidase deficiency,
8855,Juvenile temporal arteritis,
19470,Diffuse lymphatic malformation,
1095,Angioma serpiginosum,
371545,Familial abdominal aortic aneurysm,
245,Mosaic trisomy 17,
345,Bathing suit ichthyosis,
<10,Criss-cross heart,
330,Aortic arch interruption,
<10,Pseudoprogeria syndrome,
83820,Thiamine-responsive megaloblastic anemia syndrome,
3765,Porencephaly-microcephaly-bilateral congenital cataract syndrome,
14150,Acrootoocular syndrome,
17940,Macrodactyly of fingers,
1170,Familial progressive retinal dystrophy-iris coloboma-congenital cataract syndrome,
72350,Coats disease,
<10,MOMO syndrome,
3720,Nasolacrimal duct cyst,
1080,"Ectodermal dysplasia, trichoodontoonychial type",
5045,Connective tissue disorder due to lysyl hydroxylase-3 deficiency,
<10,Intellectual disability-craniofacial dysmorphism-cryptorchidism syndrome,
13800,Macrodactyly of toes,
2600,15q overgrowth syndrome,
21325,Severe intellectual disability-progressive spastic diplegia syndrome,
12420,Deafness-hypogonadism syndrome,
<10,Alport syndrome-intellectual disability-midface hypoplasia-elliptocytosis syndrome,
4095,SRD5A3-CDG,
<10,Proximal Xq28 duplication syndrome,
15270,X-linked Charcot-Marie-Tooth disease type 6,
515,"47,XYY syndrome",
10845,"Microcephalic primordial dwarfism, Dauber type",
8910,Lethal multiple pterygium syndrome,
658595,Rapid-onset childhood obesity-hypothalamic dysfunction-hypoventilation-autonomic dysregulation syndrome,
4625,Blepharophimosis-ptosis-epicanthus inversus syndrome,
13880,Bonnemann-Meinecke-Reich syndrome,
10,Craniorachischisis,
10090,1p35.2 microdeletion syndrome,
13960,Paternal uniparental disomy of chromosome 7,
13555,Mohr-Tranebjaerg syndrome,
490,Isolated congenital sclerocornea,
460,Isolated congenital auditory ossicle malformation,
235,Ring chromosome 2 syndrome,
23955,Joubert syndrome with ocular defect,
2160,Infantile-onset X-linked spinal muscular atrophy,
530,Tetrasomy X,
155,Kleefstra syndrome,
3590,Hyperinsulinism due to short chain 3-hydroxylacyl-CoA dehydrogenase deficiency,
5395,Lower lip fistula,
690,Trisomy X,
<10,19q13.11 microdeletion syndrome,
870,Mitochondrial DNA-related progressive external ophthalmoplegia,
4010,Mitochondrial myopathy-lactic acidosis-deafness syndrome,
1805,Blepharoptosis-myopia-ectopia lentis syndrome,
1320,Wolfram-like syndrome,
530,Megalencephaly,
<10,Temple-Baraitser syndrome,
15000,RNF13-related severe early-onset epileptic encephalopathy,
<10,Bainbridge-Ropers syndrome,
3725,Ataxia-deafness-intellectual disability syndrome,
125,Trisomy 8q,
5725,Congenital generalized lipodystrophy,
50985,Laryngeal abductor paralysis,
790,Oculoosteocutaneous syndrome,
275,Harlequin ichthyosis,
275,Euryblepharon,
<10,Malan overgrowth syndrome,
310,3q26 microduplication syndrome,
300,Mosaic trisomy 1,
<10,3q27.3 microdeletion syndrome,
345,Congenital non-bullous ichthyosiform erythroderma,
<10,Microcephaly-glomerulonephritis-marfanoid habitus syndrome,
675,Acrodermatitis enteropathica,
340,Hypotrichosis with juvenile macular degeneration,
81590,Progressive cerebello-cerebral atrophy,
2390,Pinnae fistula or cyst,
5740,Mandibular hypoplasia-deafness-progeroid features-lipodystrophy syndrome,
55965,Non-acquired combined pituitary hormone deficiency-sensorineural hearing loss-spine abnormalities syndrome,
20765,Muscle-eye-brain disease with bilateral multicystic leucodystrophy,
2615,Hydrops fetalis,
5890,Posterior meningocele,
3130,X-linked intellectual disability-Dandy-Walker malformation-basal ganglia disease-seizures syndrome,
5665,Intellectual disability-polydactyly-uncombable hair syndrome,
2280,Congenital fibrosis of extraocular muscles,
6525,Lissencephaly with cerebellar hypoplasia type A,
18695,Diazoxide-resistant focal hyperinsulinism due to SUR1 deficiency,
<10,"X-linked intellectual disability, Cabezas type",
1900,Congenital knee dislocation,
1465,Peters anomaly,
19440,Second branchial cleft anomaly,
11880,Porencephaly,
16780,Persistent Müllerian duct syndrome,
14485,Diffuse cerebral and cerebellar atrophy-intractable seizures-progressive microcephaly syndrome,
690,X-linked creatine transporter deficiency,
6660,Camptodactyly-taurinuria syndrome,
45,Ring chromosome Y syndrome,
3720,X-linked centronuclear myopathy,
<10,Alazami syndrome,
7195,Trehalase deficiency,
3890,Abetalipoproteinemia,
975,Ataxia-hypogonadism-choroidal dystrophy syndrome,
13220,Arnold-Chiari malformation type I,
3720,Congenital generalized hypercontractile muscle stiffness syndrome,
5530,Drug-induced localized lipodystrophy,
9800,Macrocephaly-developmental delay syndrome,
99335,Skin fragility-woolly hair-palmoplantar keratoderma syndrome,
38425,Myelocystocele,
13520,Muscular pseudohypertrophy-hypothyroidism syndrome,
13410,"Intellectual disability, Buenos-Aires type",
10135,Deafness-infertility syndrome,
845,Pancreatic triacylglycerol lipase deficiency,
10895,Sanjad-Sakati syndrome,
2530,Blake pouch cyst,
11590,Cholesterol-ester transfer protein deficiency,
35,Insulin autoimmune syndrome,
<10,Allan-Herndon-Dudley syndrome,
11455,Idiopathic malabsorption due to bile acid synthesis defects,
9010,X-linked lethal multiple pterygium syndrome,
820,Acalvaria,
1065,Amelo-onycho-hypohidrotic syndrome,
1470,Hypothalamic adipsic hypernatraemia syndrome,
13885,Ascher syndrome,
36615,Idiopathic achalasia,
3070,Primary familial polycythemia,
4110,MPI-CDG,
8325,Chronic diarrhea due to glucoamylase deficiency,
4890,Autoinflammatory syndrome with pyogenic bacterial infection and amylopectinosis,
15,Loose anagen syndrome,
77065,Monocytopenia with susceptibility to infections,
3755,Progressive external ophthalmoplegia-myopathy-emaciation syndrome,
2365,Nephrogenic diabetes insipidus,
860,GNE myopathy,
3920,Achromatopsia,
380,Spinocerebellar ataxia with axonal neuropathy type 1,
80445,Eosinophilic gastroenteritis,
35,Unverricht-Lundborg disease,
2185,Facioscapulohumeral dystrophy,
2565,Erythroderma desquamativum,
955,Malignant hyperthermia of anesthesia,
4435,C1 inhibitor deficiency,
110,Miyoshi myopathy,
2665,Dicarboxylic aminoaciduria,
630,Congenital dyserythropoietic anemia type IV,
12845,Zellweger-like syndrome without peroxisomal anomalies,
3870,Autosomal recessive spastic paraplegia type 32,
1505,Spinocerebellar ataxia type 19/22,
<10,Congenital muscular dystrophy with hyperlaxity,
3455,Autosomal recessive mendelian susceptibility to mycobacterial diseases due to partial JAK1 deficiency,
18395,Hypohidrosis-electrolyte imbalance-lacrimal gland dysfunction-ichthyosis-xerostomia syndrome,
2180,Aplasia cutis congenita,
4115,Cytosolic phospholipase-A2 alpha deficiency associated bleeding disorder,
18455,Ovarian hyperstimulation syndrome,
75200,Leigh syndrome with leukodystrophy,
24040,Retinal degeneration-nanophthalmos-glaucoma syndrome,
55075,Spinal muscular atrophy with respiratory distress type 2,
3720,Congenital muscular dystrophy with cerebellar involvement,
570,Imerslund-Gräsbeck syndrome,
14720,Infantile epileptic-dyskinetic encephalopathy,
99600,Congenital lethal erythroderma,
3555,Proximal spinal muscular atrophy,
585,Isolated agammaglobulinemia,
123740,Tropical pancreatitis,
18730,Familial cervical artery dissection,
32040,Spinal muscular atrophy-progressive myoclonic epilepsy syndrome,
1305,X-linked corneal dermoid,
20685,TOR1AIP1-related limb-girdle muscular dystrophy,
1114360,Proton-pump inhibitor-responsive esophageal eosinophilia,
990,Spinocerebellar ataxia type 17,
2135,Tolosa-Hunt syndrome,
1385,3-methylglutaconic aciduria type 8,
1435,"Primary dystonia, DYT17 type",
11735,Autosomal dominant macrothrombocytopenia,
360,Kindler epidermolysis bullosa,
<10,Griscelli syndrome,
44960,Thiel-Behnke corneal dystrophy,
26710,Combined deficiency of factor V and factor VIII,
3700,Autosomal recessive spastic ataxia of Charlevoix-Saguenay,
4700,Childhood encephalopathy due to thiamine pyrophosphokinase deficiency,
20415,Von Willebrand disease,
810,Autosomal recessive progressive external ophthalmoplegia,
390,Netherton syndrome,
83310,Familial acute necrotizing encephalopathy,
90,6-phosphogluconate dehydrogenase deficiency,
3495,Succinyl-CoA:3-oxoacid CoA transferase deficiency,
130,Myoclonic-astatic epilepsy,
1895,Microcornea-myopic chorioretinal atrophy-telecanthus syndrome,
1400,Childhood apraxia of speech,
2745,Dimethylglycine dehydrogenase deficiency,
214470,Refractory celiac disease,
1785,Familial cutaneous collagenoma,
4665,Hereditary diffuse leukoencephalopathy with axonal spheroids and pigmented glia,
225,Pantothenate kinase-associated neurodegeneration,
12395,Congenital enteropathy due to enteropeptidase deficiency,
969740,Autosomal recessive leukoencephalopathy-ischemic stroke-retinitis pigmentosa syndrome,
875,Combined pancreatic lipase-colipase deficiency,
13880,Intellectual disability-expressive aphasia-facial dysmorphism syndrome,
640,"Autosomal dominant generalized epidermolysis bullosa simplex, intermediate form",
23275,Severe neonatal-onset encephalopathy with microcephaly,
72865,Autosomal recessive secondary polycythemia not associated with VHL gene,
140,Ringed hair disease,
510,Congenital lactase deficiency,
685,Guanidinoacetate methyltransferase deficiency,
240,Isolated anterior cervical hypertrichosis,
12630,Optic atrophy-intellectual disability syndrome,
10610,Benign familial mesial temporal lobe epilepsy,
65930,Solitary rectal ulcer syndrome,
1340,Hereditary folate malabsorption,
3265,Neonatal diabetes-congenital hypothyroidism-congenital glaucoma-hepatic fibrosis-polycystic kidneys syndrome,
16740,Hot water reflex epilepsy,
59795,Benign partial epilepsy with secondarily generalized seizures in infancy,
1360,Familial dysautonomia,
15405,Autosomal dominant Charcot-Marie-Tooth disease type 2Q,
3975,Glycogen storage disease due to hepatic glycogen synthase deficiency,
<10,Glutathione synthetase deficiency,
13650,Combined oxidative phosphorylation defect type 9,
192785,Progressive myoclonic epilepsy type 9,
875,Essential fructosuria,
24885,Male infertility with teratozoospermia due to single gene mutation,
2105,Scapuloperoneal spinal muscular atrophy,
<10,"X-linked intellectual disability, Snyder type",
1920,Knobloch syndrome,
4435,Immunodeficiency due to a classical component pathway complement deficiency,
8960,Proximal myopathy with focal depletion of mitochondria,
60,Atrophoderma vermiculata,
3860,Autosomal recessive spastic paraplegia type 62,
4115,ALG11-CDG,
27485,Congenital prekallikrein deficiency,
11215,Oligodontia,
2095,Inherited Creutzfeldt-Jakob disease,
485,Oguchi disease,
3125,Hereditary coproporphyria,
206350,Bradyopsia,
234760,Pulmonary capillary hemangiomatosis,
1695,Severe neurodevelopmental disorder with feeding difficulties-stereotypic hand movement-bilateral cataract,
144980,Lysosomal acid phosphatase deficiency,
<10,Early-onset spastic ataxia-myoclonic epilepsy-neuropathy syndrome,
18930,Tel Hashomer camptodactyly syndrome,
1545,Homocystinuria without methylmalonic aciduria,
6690,Hereditary gingival fibromatosis,
56125,Non-progressive predominantly posterior cavitating leukoencephalopathy with peripheral neuropathy,
<10,Intellectual disability-alacrima-achalasia syndrome,
<10,Properdin deficiency,
99520,Punctate palmoplantar keratoderma type 2,
45055,Epithelial basement membrane dystrophy,
165590,Retinal vasculopathy with cerebral leukoencephalopathy and systemic manifestations,
695,Ataxia-telangiectasia variant,
64030,Familial spontaneous pneumothorax,
835,Familial cold urticaria,
13755,Early-onset X-linked optic atrophy,
270,Transient hypogammaglobulinemia of infancy,
410,Generalized peeling skin syndrome,
835,"Muscular dystrophy, Selcen type",
770,Dihydropyrimidine dehydrogenase deficiency,
10730,Sjögren-Larsson syndrome,
305,Acute infantile liver failure-cerebellar ataxia-peripheral sensory motor neuropathy syndrome,
228825,Congenital cataract-severe neonatal hepatopathy-global developmental delay syndrome,
3750,Spinocerebellar ataxia type 21,
17895,Cataract-glaucoma syndrome,
2690,Neutral lipid storage myopathy,
181660,Stiff skin syndrome,
260,Pili bifurcati,
183585,Benign familial infantile epilepsy,
4150,Isolated congenital anosmia,
20820,Anoctamin-5-related  limb-girdle muscular dystrophy R12,
1015,Dentatorubral pallidoluysian atrophy,
921740,Cathepsin A-related arteriopathy-strokes-leukoencephalopathy,
1895,Isolated glycerol kinase deficiency,
1325,Methylmalonic acidemia with homocystinuria,
4005,Alpha delta granule deficiency,
305,Histidinuria-renal tubular defect syndrome,
555,Hereditary cryohydrocytosis with normal stomatin,
10950,Juvenile Huntington disease,
205,Autosomal dominant hyper-IgE syndrome,
1775,Selective IgM deficiency,
518450,Transient infantile hypertriglyceridemia and hepatosteatosis,
1000,Hyperkalemic periodic paralysis,
4585,Congenital factor XI deficiency,
530,Pancytopenia due to IKZF1 mutations,
<10,"Intellectual disability, Birk-Barel type",
57220,Infantile-onset mesial temporal lobe epilepsy with severe cognitive regression,
3950,Blue cone monochromatism,
13945,Spinocerebellar ataxia with epilepsy,
444760,Biotinidase deficiency,
79435,Familial congenital mirror movements,
80780,FTH1-related iron overload,
270,Syndromic recessive X-linked ichthyosis,
13305,Intellectual disability-cataracts-calcified pinnae-myopathy syndrome,
8590,Transient familial neonatal hyperbilirubinemia,
3180,Retinal arterial tortuosity,
3735,Muscular atrophy-ataxia-retinitis pigmentosa-diabetes mellitus syndrome,
595,Late infantile neuronal ceroid lipofuscinosis,
1990,Microcornea-glaucoma-absent frontal sinuses syndrome,
805,Persistent hyperplastic primary vitreous,
1430,Neurodegeneration due to 3-hydroxyisobutyryl-CoA hydrolase deficiency,
595,Hyperlysinemia,
154940,Congenital intrinsic factor deficiency,
14860,Infantile spasms-broad thumbs syndrome,
4290,Hypomyelination-congenital cataract syndrome,
479530,Atypical juvenile parkinsonism,
3850,Spastic paraplegia-optic atrophy-neuropathy syndrome,
5295,CEBPE-associated autoinflammation-immunodeficiency-neutrophil dysfunction syndrome,
1240,Cataract-microcornea syndrome,
13455,Familial progressive hyper- and hypopigmentation,
56850,Infantile-onset ascending hereditary spastic paralysis,
4000,Pustulosis palmaris et plantaris,
4890,Encephalocraniocutaneous lipomatosis,
825,Autosomal dominant progressive external ophthalmoplegia,
13610,"Autosomal recessive optic atrophy, OPA7 type",
295,Infantile-onset autosomal recessive nonprogressive cerebellar ataxia,
105,Familial Alzheimer-like prion disease,
14085,Alternating hemiplegia of childhood,
10295,Hereditary hyperferritinemia-cataract syndrome,
440,Acral peeling skin syndrome,
5965,Progressive supranuclear palsy,
13015,"X-linked intellectual disability, Shrimpton type",
3630,Carnitine palmitoyl transferase 1A deficiency,
187315,Progressive myoclonic epilepsy type 6,
475,Hyperornithinemia-hyperammonemia-homocitrullinuria syndrome,
4160,Alacrimia-choreoathetosis-liver dysfunction syndrome,
910,Brody myopathy,
60,Hereditary hypercarotenemia and vitamin A deficiency,
26495,Hemorrhagic disease due to alpha-1-antitrypsin Pittsburgh mutation,
85,Uncombable hair syndrome,
9710,Congenital analbuminemia,
275,Pili gemini,
20935,Laminin subunit alpha 2-related limb-girdle muscular dystrophy R23,
2130,NLRP12-associated hereditary periodic fever syndrome,
655,PLEC-related intermediate epidermolysis bullosa simplex without extracutaneous involvement,
315,Histidinemia,
955,Sebocystomatosis,
605,Congenital erythropoietic porphyria,
790,Galactokinase deficiency,
46295,Congenital factor V deficiency,
4475,Generalized pustular psoriasis,
64900,Familial mitral valve prolapse,
4850,Congenital subglottic stenosis,
12955,Idiopathic spontaneous coronary artery dissection,
94760,Cutis marmorata telangiectatica congenita,
3675,Gómez-López-Hernández syndrome,
55,Mitral atresia,
4055,Hypoplastic left heart syndrome,
13970,Congenital aortic valve stenosis,
10430,Prader-Willi syndrome,
10155,Hereditary hemorrhagic telangiectasia,
745,Holoprosencephaly-caudal dysgenesis syndrome,
3175,Mucous membrane pemphigoid,
295,Loeffler endocarditis,
3175,Ectasia of the left atrial appendage,
330,Cor triatriatum sinister,
405,Idiopathic giant cell myocarditis,
2970,Congenital partial pulmonary venous return anomaly,
4690,Supravalvular aortic stenosis,
<10,Accessory tricuspid valve tissue,
43890,Posterior polymorphous corneal dystrophy,
4660,Adult-onset autosomal dominant leukodystrophy,
85,Complete atrioventricular septal defect,
1870,Double outlet right ventricle,
7000,Mucocutaneous venous malformations,
855,Isolated right ventricular hypoplasia,
40,Isochromosomy Yp,
825,Isolated anencephaly/exencephaly,
260,Idiopathic pulmonary artery dilatation,
40,Lujan-Fryns syndrome,
32030,Familial adrenal hypoplasia with absent pituitary luteinizing hormone,
54015,Idiopathic neonatal atrial flutter,
735,Osteopenia-myopia-hearing loss-intellectual disability-facial dysmorphism syndrome,
20,Cleft mitral valve,
16505,Aneurysm of sinus of Valsalva,
1025,Univentricular heart,
260,11p15.4 microduplication syndrome,
3945,COG7-CDG,
7365,Abnormal origin of right or left pulmonary artery from the aorta,
<10,Distal Xq28 microduplication syndrome,
2060,Aplasia cutis congenita-intestinal lymphangiectasia syndrome,
18280,Wyburn-Mason syndrome,
1825,Congenital tricuspid stenosis,
3675,Pulmonary atresia with ventricular septal defect,
64395,Congenital Gerbode defect,
16815,Multifocal lymphangioendotheliomatosis-thrombocytopenia syndrome,
1390,Peters plus syndrome,
2195,Pulmonary valve agenesis-tetralogy of Fallot-absence of ductus arteriosus syndrome,
78270,High myopia-sensorineural deafness syndrome,
4380,Dural sinus malformation,
3540,Congenital heart block,
10195,Kawasaki disease,
12665,Epiphyseal dysplasia-hearing loss-dysmorphism syndrome,
9465,Lethal congenital contracture syndrome type 3,
103710,Brugada syndrome,
113725,Familial sick sinus syndrome,
76480,PEHO-like syndrome,
13245,Bosley-Salih-Alorainy syndrome,
3155,Meige disease,
19240,Congenital pulmonary valvar stenosis,
147720,Interatrial communication,
19295,Aorta coarctation,
930,Horizontal gaze palsy with progressive scoliosis,
5805,Polymicrogyria due to TUBB2B mutation,
1035,Vasculitis due to ADA2 deficiency,
4910,STING-associated vasculopathy with onset in infancy,
65,Congenital coronary artery aneurysm,
13995,Peripheral pulmonary stenosis,
<10,Coronary sinus atresia,
1685,Congenital mitral stenosis,
50,Bockenheimer syndrome,
16215,Jervell and Lange-Nielsen syndrome,
12395,Xp22.3 microdeletion syndrome,
5545,Mitral valve agenesis,
13435,Partial atrioventricular septal defect,
53700,Postinfectious vasculitis,
730,Livedoid vasculopathy,
690,Autosomal dominant generalized dystrophic epidermolysis bullosa,
2600,CLAPO syndrome,
80,Pulmonary atresia-intact ventricular septum syndrome,
8805,Monosomy 22q13.3,
8860,Autosomal recessive multiple pterygium syndrome,
1200,Cardiac anomalies-heterotaxy syndrome,
15,Coronary sinus stenosis,
207530,Familial multiple nevi flammei,
35455,Sinoatrial node dysfunction and deafness,
<10,Microcephaly-seizures-intellectual disability-heart disease syndrome,
197695,Pediatric arterial ischemic stroke,
<10,Cor triatriatum dexter,
<10,Hypotonia-speech impairment-severe cognitive delay syndrome,
300,Mesocardia,
570,Levocardia,
1230,Congenital patent ductus arteriosus aneurysm,
5325,Cogan syndrome,
28170,Atrial standstill,
18735,Congenital systemic arteriovenous fistula,
1295,Truncus arteriosus,
5020,Dextrocardia,
<10,Right superior vena cava connecting to left-sided atrium,
170,Erythema elevatum diutinum,
439365,Calciphylaxis,
1005,Persistent left superior vena cava connecting through coronary sinus to left-sided atrium,
40,Foix-Alajouanine syndrome,
<10,Hennekam syndrome,
680,Tricuspid atresia,
20045,Ectopia cordis,
8515,Deafness-small bowel diverticulosis-neuropathy syndrome,
29235,Hereditary arterial and articular multiple calcification syndrome,
965,Congenital aortopulmonary window,
5490,Congenitally uncorrected transposition of the great arteries,
160,"Blepharophimosis-intellectual disability syndrome, Ohdo type",
4115,Congenital anomaly of the tricuspid valve chordae,
16850,Paraplegia-intellectual disability-hyperkeratosis syndrome,
8265,Hughes-Stovin syndrome,
1885,FLNA-related X-linked myxomatous valvular dysplasia,
405,Richards-Rundle syndrome,
21580,Left ventricular noncompaction,
3710,Severe hypotonia-psychomotor developmental delay-strabismus-cardiac septal defect syndrome,
23425,Musculocontractural Ehlers-Danlos syndrome,
5470,Congenital glaucoma,
10690,"Camptodactyly syndrome, Guadalajara type 1",
19465,First branchial cleft anomaly,
40,Isolated amyelia,
295,Mosaic trisomy 20,
7160,Duane retraction syndrome,
645,Ectodermal dysplasia-skin fragility syndrome,
4870,Satoyoshi syndrome,
4800,Familial thyroid dyshormonogenesis,
46070,Primary desmosis coli,
725,Autoimmune polyendocrinopathy type 3,
16705,Central diabetes insipidus,
520,Coloboma of macula,
617600,Genetic non-syndromic obesity,
3445,Neonatal adrenoleukodystrophy,
1310,Secondary hypoparathyroidism due to impaired parathormon secretion,
695,Recessive dystrophic epidermolysis bullosa inversa,
13600,Xp21 deletion syndrome,
575,Lethal hemolytic anemia-genital anomalies syndrome,
440,Aromatase deficiency,
77155,Stiff person spectrum disorder,
665,"48,XXYY syndrome",
<10,Insulin-resistance syndrome type B,
8625,Primary hypergonadotropic hypogonadism-partial alopecia syndrome,
1094810,Eosinophilic esophagitis,
40525,Prepubertal anorexia nervosa,
60,Isolated thyroid-stimulating hormone deficiency,
1270,Ectopic aldosterone-producing tumor,
305,Mosaic trisomy 10,
55180,Isolated congenital hypogonadotropic hypogonadism,
2160,Hyperimmunoglobulinemia D with periodic fever,
50,Monosomy 21,
21560,Hypergonadotropic hypogonadism-cataract syndrome,
19630,Obesity-colitis-hypothyroidism-cardiac hypertrophy-developmental delay syndrome,
5850,Acroosteolysis-keloid-like lesions-premature aging syndrome,
235,Ring chromosome 3 syndrome,
9650,Arthrogryposis-like hand anomaly-sensorineural deafness syndrome,
77785,Severe neurodegenerative syndrome with lipodystrophy,
225,"45,X/46,XY mixed gonadal dysgenesis",
24180,Norrie disease,
31365,Inherited isolated adrenal insufficiency due to partial CYP11A1 deficiency,
20700,Muscle-eye-brain disease,
<10,Hypercholesterolemia due to cholesterol 7alpha-hydroxylase deficiency,
800,Post-traumatic pituitary deficiency,
10595,Resistance to thyroid hormone due to a mutation in thyroid hormone receptor alpha,
1310,Cushing syndrome due to macronodular adrenal hyperplasia,
53430,Isolated splenic vein thrombosis,
1230,Microtia-eye coloboma-imperforation of the nasolacrimal duct syndrome,
6815,Pontocerebellar hypoplasia type 8,
10380,X-linked acrogigantism,
3085,Oculootodental syndrome,
86540,Pediatric-onset Graves disease,
7995,Sandifer syndrome,
17320,Non-insulinoma pancreatogenous hypoglycemia syndrome,
8390,PrP systemic amyloidosis,
739420,Non-hypoproteinemic hypertrophic gastropathy,
46490,Neuroectodermal melanolysosomal disease,
3945,CCDC115-CDG,
11140,Acute adrenal insufficiency,
765,Woodhouse-Sakati syndrome,
785,AICA-ribosiduria,
5700,Kuskokwim syndrome,
26370,Dysbetalipoproteinemia,
115,Trisomy 5p,
39230,Familial hypoaldosteronism,
235,Bangstad syndrome,
69570,DIAPH1-related sensorineural hearing loss-thrombocytopenia syndrome,
85520,Isolated mesenteric vein thrombosis,
2360,Congenital hypothyroidism due to maternal intake of antithyroid drugs,
<10,Rabson-Mendenhall syndrome,
6895,Primary unilateral adrenal hyperplasia,
241560,Steroid dehydrogenase deficiency-dental anomalies syndrome,
60,Dubowitz syndrome,
24085,Myopathic Ehlers-Danlos syndrome,
45,"46,XX disorder of sex development-skeletal anomalies syndrome",
1945,Isolated congenital nasal pyriform aperture stenosis,
2185,Septo-optic dysplasia spectrum,
535,Pentasomy X,
690,Hyperinsulinism-hyperammonemia syndrome,
1475,Familial chylomicronemia syndrome,
7460,Familial gestational hyperthyroidism,
5860,Testicular regression syndrome,
245,Autoimmune polyendocrinopathy type 2,
740,Spinal muscular atrophy-Dandy-Walker malformation-cataracts syndrome,
7420,Congenital laryngeal cyst,
315,17q12 microduplication syndrome,
<10,Athyreosis,
1200,Adrenocortical carcinoma with pure aldosterone hypersecretion,
1255,Moyamoya disease with early-onset achalasia,
2640,Intermediate DEND syndrome,
2740,Hypoinsulinemic hypoglycemia and body hemihypertrophy,
4665,Proteasome-associated autoinflammatory syndrome,
7435,Sudden infant death-dysgenesis of the testes syndrome,
3735,Myoclonus-cerebellar ataxia-deafness syndrome,
10,SHORT syndrome,
<10,DEND syndrome,
158605,Secondary intestinal lymphangiectasia,
3250,X-linked retinoschisis,
15480,Corpus callosum agenesis-neuronopathy syndrome,
4756760,Homozygous familial hypercholesterolemia,
25495,Corticosteroid-binding globulin deficiency,
21845,Estrogen resistance syndrome,
1730,Classic homocystinuria,
4625,Isolated iridoschisis,
14085,Auditory neuropathy-optic atrophy syndrome,
34115,Laron syndrome,
3770,Myopathy and diabetes mellitus,
12055,Progressive deafness with stapes fixation,
3855,Spastic paraparesis-deafness syndrome,
18160,Familial hyperprolactinemia,
1585,Central precocious puberty,
11730,Infundibulo-neurohypophysitis,
13135,Congenital Horner syndrome,
3015,Cranial meningocele,
1955,Cochlear nerve deficiency,
170,Diencephalic syndrome,
52965,Insulin-resistance syndrome type A,
3030,Symptomatic form of fragile X syndrome in female carrier,
14750,Isolated oxycephaly,
34305,Spondyloepimetaphyseal dysplasia with joint laxity,
15280,Osteochondritis dissecans,
680,"Spondyloepimetaphyseal dysplasia congenita, Strudwick type",
1420,Oncogenic osteomalacia,
<10,Shprintzen-Goldberg syndrome,
2215,Klippel-Feil anomaly-myopathy-facial dysmorphism syndrome,
660,Metatropic dysplasia,
16690,Autosomal dominant spondylocostal dysostosis,
112360,Familial short QT syndrome,
390,Congenital absence of upper arm and forearm with hand present,
1200,Acrofrontofacionasal dysostosis,
1100,Sinding-Larsen-Johansson disease,
665,Apodia,
<10,Osteogenesis imperfecta-retinopathy-seizures-intellectual disability syndrome,
350,Isolated split hand-split foot malformation,
195,Coffin-Siris syndrome,
5870,Secondary non-traumatic avascular necrosis,
1685,Lethal osteosclerotic bone dysplasia,
6125,Osteochondrosis of the metatarsal bone,
110,Amelia of lower limb,
49490,Chronic atrial and intestinal dysrhythmia syndrome,
11090,Cole-Carpenter syndrome,
835,Mononen-Karnes-Senac syndrome,
10340,Gorham-Stout disease,
7200,Hypocalcemic vitamin D-dependent rickets,
81180,Recurrent metabolic encephalomyopathic crises-rhabdomyolysis-cardiac arrhythmia-intellectual disability syndrome,
3540,Idiopathic avascular necrosis,
510,Brachydactyly type A4,
120,Chondroectodermal dysplasia with night blindness,
5690,Finger hyperphalangy-toe anomalies-severe pectus excavatum syndrome,
1080,"Chondrodysplasia punctata, tibial-metacarpal type",
500,Fibrodysplasia ossificans progressiva,
2680,Acheiria,
20745,Central polydactyly,
11025,Seckel syndrome,
2705,Marshall-Smith syndrome,
905,Inclusion body myopathy with Paget disease of bone and frontotemporal dementia,
257635,Calvarial doughnut lesions-bone fragility syndrome,
6335,Familial Scheuermann disease,
75,Diastrophic dwarfism,
9625,Pelvic dysplasia-arthrogryposis of lower limbs syndrome,
24070,Classical-like Ehlers-Danlos syndrome type 2,
154825,Atrial septal defect-atrioventricular conduction defects syndrome,
13925,Cataract-growth hormone deficiency-sensory neuropathy-sensorineural hearing loss-skeletal dysplasia syndrome,
4060,COG1-CDG,
800,"Acrofacial dysostosis, Catania type",
385,Metaphyseal dysostosis-intellectual disability-conductive deafness syndrome,
905,Pseudohypoparathyroidism type 1C,
14140,Curry-Jones syndrome,
640,Congenital absence of both forearm and hand,
4340,Syndactyly type 6,
3475,Sterile multifocal osteomyelitis with periostitis and pustulosis,
37900,Hereditary thrombophilia due to congenital antithrombin deficiency,
3865,Spastic paraplegia-Paget disease of bone syndrome,
8525,Familial avascular necrosis of femoral head,
235,Mucolipidosis type III,
3490,Severe achondroplasia-developmental delay-acanthosis nigricans syndrome,
360,Holt-Oram syndrome,
115,Tetra-amelia,
46585,Severe hereditary thrombophilia due to congenital protein C deficiency,
3000,Lethal Larsen-like syndrome,
810,Holoprosencephaly-craniosynostosis syndrome,
13450,Hallux varus-preaxial polysyndactyly syndrome,
37235,Cherubism,
2965,"Rhizomelic dysplasia, Patterson-Lowry type",
6690,Familial digital arthropathy-brachydactyly,
2140,CINCA syndrome,
265800,Familial clubfoot with or without associated lower limb anomalies,
5850,Nestor-Guillermo progeria syndrome,
17705,Legg-Calvé-Perthes disease,
52965,Wolcott-Rallison syndrome,
975,Cooks syndrome,
69750,Caffey disease,
6275,Banki syndrome,
64665,Juvenile Paget disease,
1505,Progressive osseous heteroplasia,
9150,Kyphomelic dysplasia,
1075,Congenital bowing of long bones,
780,Polysyndactyly,
575,Medial condensing osteitis of the clavicle,
1195,Dysspondyloenchondromatosis,
6235,Joubert syndrome with Jeune asphyxiating thoracic dystrophy,
125,Thanatophoric dysplasia,
4000,Distal symphalangism,
245,Alpha-mannosidosis,
13335,Brachydactyly-short stature-retinitis pigmentosa syndrome,
1095,Tricho-dento-osseous syndrome,
6250,Enlarged parietal foramina,
180,Autosomal recessive spondylocostal dysostosis,
5930,Acrocallosal syndrome,
7220,Sclerosteosis,
2055,Idiopathic juvenile osteoporosis,
17715,Humero-radio-ulnar synostosis,
325,Panner disease,
370,Tibial hemimelia,
110,Ulnar hemimelia,
16160,Timothy syndrome,
3650,Brachyolmia-amelogenesis imperfecta syndrome,
480850,His bundle tachycardia,
80,Absence of the pulmonary artery,
3585,Unclassified vasculitis,
1015,Isolated ectopia lentis,
4145,Cutaneous small vessel vasculitis,
2050,External auditory canal aplasia/hypoplasia,
<10,Developmental delay-facial dysmorphism syndrome due to MED13L deficiency,
29815,Amelocerebrohypohidrotic syndrome,
590,Internal carotid absence,
2790,Scimitar syndrome,
5760,Abnormal number of coronary ostia,
1770,Congenitally corrected transposition of the great arteries,
3770,Spastic paraplegia-intellectual disability-nystagmus-obesity syndrome,
3735,Colobomatous microphthalmia,
2750,Ebstein malformation of the tricuspid valve,
640,Primary syringomyelia,
660,Double outlet left ventricle,
70,Isolated congenital anonychia,
50,Congenital complete agenesis of pericardium,
30715,Lipoid proteinosis,
1205,Bilateral acute depigmentation of the iris,
355,Smith-Magenis syndrome,
68940,Gingival fibromatosis-progressive deafness syndrome,
360,Hypertrichosis lanuginosa congenita,
12135,Paris-Trousseau thrombocytopenia,
264240,Congenital vertical talus,
<10,Monosomy 9p,
640,"49,XXXYY syndrome",
65,Severe generalized junctional epidermolysis bullosa,
9715,Deletion 5q35,
365,Localized junctional epidermolysis bullosa,
81610,Juvenile-onset diabetes mellitus-central and peripheral neurodegeneration syndrome,
<10,Hall-Riggs syndrome,
20850,"Congenital muscular dystrophy, Fukuyama type",
4375,Pyramidal molars-abnormal upper lip syndrome,
40,Partial chromosome Y deletion,
295,Coloboma of eye lens,
<10,Male hypergonadotropic hypogonadism-intellectual disability-skeletal anomalies syndrome,
1735,Encephalopathy due to sulfite oxidase deficiency,
20870,Isolated optic nerve hypoplasia/aplasia,
2130,Aplasia cutis-myopia syndrome,
<10,Multiple congenital anomalies-hypotonia-seizures syndrome,
7040,Larynx atresia,
275,Trichothiodystrophy,
<10,L1 syndrome,
14745,Pachygyria-intellectual disability-epilepsy syndrome,
6705,Pontocerebellar hypoplasia type 3,
185,Palmoplantar keratoderma-XX sex reversal-predisposition to squamous cell carcinoma syndrome,
<10,10q22.3q23.3 microdeletion syndrome,
15430,Charcot-Marie-Tooth disease type 1A,
3115,Isolated encephalocele,
115,Trisomy 10p,
6675,Familial isolated clinodactyly of fingers,
1570,Congenital laryngeal web,
24000,Familial articular hypermobility syndrome,
9175,Neuropathy with hearing impairment,
410,Exfoliative ichthyosis,
30,Disorder of sex development-intellectual disability syndrome,
10440,Congenital ptosis,
30835,Epilepsy-telangiectasia syndrome,
17950,Early-onset non-syndromic cataract,
1110,Laryngocele,
4170,B4GALT1-CDG,
3015,Digestive duplication cyst of the tongue,
1130,Aniridia-ptosis-intellectual disability-familial obesity syndrome,
400,"Deafness with labyrinthine aplasia, microtia, and microdontia",
12960,Diencephalic-mesencephalic junction dysplasia,
3315,Choanal atresia,
<10,Ring chromosome 12 syndrome,
345,Self-improving collodion baby,
275,Isolated congenital ectropion,
13750,Paternal uniparental disomy of chromosome 6,
700,Complete androgen insensitivity syndrome,
5710,Craniolenticulosutural dysplasia,
900,Pseudohypoparathyroidism type 2,
13775,Iridocorneal endothelial syndrome,
555,Congenital myasthenic syndrome,
3745,Marinesco-Sjögren syndrome,
20560,Congenital laryngomalacia,
1585,MYBPC1-related autosomal recessive non-lethal arthrogryposis multiplex congenita syndrome,
5530,Acquired partial lipodystrophy,
240,Tetragametic chimerism,
750,"46,XX ovarian dysgenesis-short stature syndrome",
815,Posterior fusion of lumbosacral vertebrae-blepharoptosis syndrome,
3840,Early-onset progressive encephalopathy-hearing loss-pons hypoplasia-brain atrophy syndrome,
20165,Legius syndrome,
2380,Median nodule of the upper lip,
165,Triploidy,
3565,"Oculocerebral hypopigmentation syndrome, Cross type",
3715,King-Denborough syndrome,
330,Oculopharyngeal muscular dystrophy,
1080,Congenital ectropion uveae,
13510,Mevalonic aciduria,
<10,Corpus callosum agenesis-abnormal genitalia syndrome,
3430,"Microphthalmia, Lenz type",
1510,Cataract-ataxia-deafness syndrome,
5025,Congenital eyelid retraction,
5770,Congenital adrenal hyperplasia due to 11-beta-hydroxylase deficiency,
<10,Leprechaunism,
150,Wolfram syndrome,
435,MIRAGE syndrome,
23465,Duplication of the pituitary gland,
1855,Microcornea-posterior megalolenticonus-persistent fetal vasculature-coloboma syndrome,
24560,Primary microcephaly-epilepsy-permanent neonatal diabetes syndrome,
81655,Holoprosencephaly-postaxial polydactyly syndrome,
1105,Leukomelanoderma-infantilism-intellectual disability-hypodontia-hypotrichosis syndrome,
150,Infantile Refsum disease,
230,"49,XXXXY syndrome",
20110,Autosomal dominant prognathism,
1030,Congenital achiasma,
415,Coloboma of choroid and retina,
59595,Lissencephaly with cerebellar hypoplasia type D,
99310,Focal facial dermal dysplasia,
2610,Permanent neonatal diabetes mellitus-pancreatic and cerebellar agenesis syndrome,
780,Incontinentia pigmenti,
25,Iniencephaly,
315,Distal trisomy 14q,
69665,Hearing loss-familial salivary gland insensitivity to aldosterone syndrome,
10005,Distal arthrogryposis type 5D,
2635,Isolated Dandy-Walker malformation,
12690,Schizencephaly,
18925,Hyperinsulinism due to HNF4A deficiency,
13755,Lower limb hypertrophy,
220,Ring chromosome 15 syndrome,
3885,Congenital cataract-progressive muscular hypotonia-hearing loss-developmental delay syndrome,
<10,Inverted duplicated chromosome 15 syndrome,
10135,Monosomy 13q14,
85045,EAST syndrome,
22300,Euthyroid Graves orbitopathy,
2650,Tatton-Brown-Rahman syndrome,
930,Pendred syndrome,
24345,Kallmann syndrome-heart disease syndrome,
795,Hypomandibular faciocranial dysostosis,
5825,Atypical Werner syndrome,
<10,Facial dysmorphism-macrocephaly-myopia-Dandy-Walker malformation syndrome,
13535,Pterygium colli-intellectual disability-digital anomalies syndrome,
11455,Proximal myotonic myopathy,
4130,Autosomal dominant myoglobinuria,
1525,"Primary dystonia, DYT2 type",
8490,Hereditary sensory and autonomic neuropathy type 1,
64500,Familial cerebral saccular aneurysm,
505,Landau-Kleffner syndrome,
5640,Bilateral striopallidodentate calcinosis,
545,Activated PI3K-delta syndrome,
90,Hemolytic anemia due to glutathione reductase deficiency,
4720,Chilblain lupus,
20705,X-linked myopathy with postural muscle atrophy,
305,Hemolytic anemia due to glucophosphate isomerase deficiency,
610,Hyperzincemia and hypercalprotectinemia,
15535,Lethal neonatal spasticity-epileptic encephalopathy syndrome,
565,Alopecia universalis,
780,Mitochondrial pyruvate carrier deficiency,
13185,Autosomal dominant optic atrophy and cataract,
820,PLCG2-associated antibody deficiency and immune dysregulation,
1565,Amelogenesis imperfecta,
1445,2-methylbutyryl-CoA dehydrogenase deficiency,
119100,Congenital atransferrinemia,
11280,Familial mesial temporal lobe epilepsy with febrile seizures,
11945,Familial congenital palsy of trochlear nerve,
2110,Rett syndrome,
985,Recessive mitochondrial ataxia syndrome,
5525,Idiopathic trachyonychia,
270,Absent thumb-short stature-immunodeficiency syndrome,
1650,Non-specific syndromic intellectual disability,
18490,Pseudohypoaldosteronism type 1,
80,Bethlem myopathy,
480,Hawkinsinuria,
1660,Hypotrichosis simplex,
<10,Spinal muscular atrophy with respiratory distress type 1,
13150,Grubben-de Cock-Borghgraef syndrome,
815,Galactose epimerase deficiency,
6240,Hydrocephaly-cerebellar agenesis syndrome,
3435,Autosomal recessive mendelian susceptibility to mycobacterial diseases due to partial IFNgammaR1 deficiency,
7150,Fatal post-viral neurodegenerative disorder,
605,Seizures-intellectual disability due to hydroxylysinuria syndrome,
96390,Infantile choroidocerebral calcification syndrome,
195035,Progressive myoclonic epilepsy type 8,
600,Juvenile neuronal ceroid lipofuscinosis,
24350,Female infertility due to oocyte meiotic arrest,
660,Epidermolysis bullosa simplex with mottled pigmentation,
1925,Autosomal recessive sideroblastic anemia,
11395,Thiamine-responsive encephalopathy,
1865,Familial renal glucosuria,
8375,Cramp-fasciculation syndrome,
13610,Reticulate acropigmentation of Kitamura,
895,Muscle filaminopathy,
25,"Congenital muscular dystrophy, Ullrich type",
<10,Infantile spasms-psychomotor retardation-progressive brain atrophy-basal ganglia disease syndrome,
9065,Hereditary spherocytosis,
3795,Congenital abducens nerve palsy,
477835,Parkinsonian-pyramidal syndrome,
3495,Immunodeficiency due to interleukin-1 receptor-associated kinase-4 deficiency,
9140,Hereditary sensory and autonomic neuropathy type 4,
1840,Transaldolase deficiency,
11045,Huntington disease-like 2,
432100,Transcobalamin I deficiency,
1545,Homocystinuria due to methylene tetrahydrofolate reductase deficiency,
145,Woolly hair,
4110,DDOST-CDG,
3600,Oculocutaneous albinism type 4,
2130,Porphyria cutanea tarda,
44935,Macular corneal dystrophy,
13570,Dowling-Degos disease,
24450,Sorsby pseudoinflammatory fundus dystrophy,
480,Familial reactive perforating collagenosis,
85,Progressive essential tremor-speech impairment-facial dysmorphism-intellectual disability-abnormal behavior syndrome,
765,Dihydropyrimidinuria,
650,Congenital dyserythropoietic anemia type III,
3725,Autosomal recessive cerebellar ataxia-epilepsy-intellectual disability syndrome due to WWOX deficiency,
39720,Woolly hair nevus,
5075,Ataxia-pancytopenia syndrome,
10980,Benign infantile focal epilepsy with midline spikes and waves during sleep,
1540,Dentinogenesis imperfecta,
2750,Lysinuric protein intolerance,
5485,Benign paroxysmal torticollis of infancy,
7765,Dystonia-aphonia syndrome,
345,Marie Unna hereditary hypotrichosis,
19860,Autosomal dominant neovascular inflammatory vitreoretinopathy,
1025,Hypokalemic periodic paralysis,
1220,Pityriasis rubra pilaris,
99695,Hypohidrosis-enamel hypoplasia-palmoplantar keratoderma-intellectual disability syndrome,
132585,Autosomal dominant rhegmatogenous retinal detachment,
2800,Citrullinemia type I,
25815,Hemophilia A,
2175,Dystonia-parkinsonism-hypermanganesemia syndrome,
4790,NKX6-2-related autosomal recessive hypomyelinating leukodystrophy,
56920,X-linked distal spinal muscular atrophy type 3,
18690,Low phospholipid-associated cholelithiasis,
195720,Progressive myoclonic epilepsy type 5,
4120,Glycogen storage disease due to aldolase A deficiency,
14040,Severe X-linked mitochondrial encephalomyopathy,
235,Alpha-N-acetylgalactosaminidase deficiency,
15265,Benign familial neonatal-infantile seizures,
70475,Familial exudative vitreoretinopathy,
14695,Primary erythromelalgia,
995,Episodic ataxia type 5,
72205,Autosomal dominant secondary polycythemia,
<10,Leukocyte adhesion deficiency,
24385,Thrombomodulin-related bleeding disorder,
786510,Ondine syndrome,
20835,DNAJB6-related  limb-girdle muscular dystrophy D1,
585,Adult neuronal ceroid lipofuscinosis,
12745,Autosomal dominant optic atrophy plus syndrome,
3125,Porphyria variegata,
3335,Erythema palmare hereditarium,
110,Gerstmann-Straussler-Scheinker syndrome,
57940,Benign partial epilepsy of infancy with complex partial seizures,
1505,Dystonia 16,
46570,Congenital factor X deficiency,
285,Maple syrup urine disease,
<10,Familial infantile myoclonic epilepsy,
305,Monoamine oxidase A deficiency,
95805,ANK3-related intellectual disability-sleep disturbance syndrome,
23805,Central serous chorioretinopathy,
105,Transcobalamin deficiency,
305,Amyotrophic lateral sclerosis,
12660,Secondary syringomyelia,
50,Baló concentric sclerosis,
545,Isolated facial myokymia,
23535,Heparin-induced thrombocytopenia,
107805,Cheilitis glandularis,
705,Lambert-Eaton myasthenic syndrome,
24165,Spontaneous intracranial hypotension,
35740,Primitive portal vein thrombosis,
5245,HELLP syndrome,
3570,Burning mouth syndrome,
27350,Protein S acquired deficiency,
9035,Overlap myositis,
2590,Acute disseminated encephalomyelitis,
80865,Sporadic hyperekplexia,
3280,Felty syndrome,
1230,Neuralgic amyotrophy,
210,Bullous lichen planus,
75245,Primary progressive freezing gait,
720,Monomelic amyotrophy,
74655,Gaisböck syndrome,
13260,Polyneuropathy-intellectual disability-acromicria-premature menopause syndrome,
3345,New-onset refractory status epilepticus,
25,Acute motor and sensory axonal neuropathy,
2905,Postpoliomyelitis syndrome,
29140,Arachnoiditis,
613235,Extrapelvic endometriosis,
9285,Primary orthostatic tremor,
56805,Distal hereditary motor neuropathy type 1,
215,Schilder disease,
64780,Tremor-nystagmus-duodenal ulcer syndrome,
1015,Thyrotoxic periodic paralysis,
407920,Silent sinus syndrome,
23800,Worster-Drought syndrome,
508835,Adult idiopathic neutropenia,
47585,Idiopathic intracranial hypertension,
8230,Serotonin syndrome,
24055,Paroxysmal hemicrania,
740,Eosinophilic fasciitis,
96090,Intrahepatic cholestasis of pregnancy,
33880,Endophthalmitis,
15470,Charcot-Marie-Tooth disease type 4B3,
72900,Primary intrahepatic lithiasis,
9840,Non-24-hour sleep-wake syndrome,
892835,Toxic maculopathy due to antimalarial drugs,
2710,Pellucid marginal degeneration,
<10,Jeavons syndrome,
14265,Secondary erythromelalgia,
3865,Mal de débarquement,
5980,Superior limbic keratoconjunctivitis,
6260,Twin to twin transfusion syndrome,
85785,Tracheobronchopathia osteochondroplastica,
3160,Immune-mediated necrotizing myopathy,
4575,Focal myositis,
505,Good syndrome,
385,Linear IgA dermatosis,
30,Chronic bilirubin encephalopathy,
4715,Perineural cyst,
15,Reading seizures,
205520,Visual snow syndrome,
820,Limbic encephalitis with caspr2 antibodies,
6735,Dementia pugilistica,
15,Idiopathic hemiconvulsion-hemiplegia syndrome,
2335,Baroreflex failure,
14820,Acquired purpura fulminans,
585,Intermediate uveitis,
254865,Idiopathic copper-associated cirrhosis,
14030,Intellectual disability-severe speech delay-mild dysmorphism syndrome,
3770,Hemolytic disease of the newborn with Kell alloimmunization,
12790,Asherman syndrome,
2260,Iatrogenic Creutzfeldt-Jakob disease,
26305,Holmes-Adie syndrome,
4860,Hypomyelination with brain stem and spinal cord involvement and leg spasticity,
9320,Vogt-Koyanagi-Harada disease,
72995,Trigeminal neuralgia,
236950,Portosinusoidal vascular disease,
6260,Idiopathic posterior uveitis,
20705,POMGNT2-related limb-girdle muscular dystrophy R24,
1370,Constitutional megaloblastic anemia with severe neurologic disease,
1725,S-adenosylhomocysteine hydrolase deficiency,
195770,Early-onset Lafora body disease,
850,Spasmus nutans,
180930,Marburg acute multiple sclerosis,
92170,Immune thrombocytopenia,
30015,Benign focal seizures of adolescence,
3855,Intermediate nemaline myopathy,
25330,Familial developmental dysphasia,
8020,Persistent idiopathic facial pain,
605,Paroxysmal cold hemoglobinuria,
8425,Morvan syndrome,
19820,Hypnic headache,
6775,Familial supernumerary nipples,
24470,Snowflake vitreoretinal degeneration,
3345,Neonatal alloimmune neutropenia,
4085,Acquired prothrombin deficiency,
1255,Glossopharyngeal neuralgia,
11375,Isaac syndrome,
240,COASY protein-associated neurodegeneration,
29475,Opsoclonus-myoclonus syndrome,
18455,Mirizzi syndrome,
36780,Myasthenia gravis,
5060,TAFRO syndrome,
4180,Semicircular canal dehiscence syndrome,
1930,Cerebral sinovenous thrombosis,
95,Sporadic Creutzfeldt-Jakob disease,
27020,Bacterial myositis,
63700,Primary Sjögren syndrome,
7265,Supernumerary breasts,
9780,Narcolepsy type 1,
4970,Balint syndrome,
20690,Segmental odontomaxillary dysplasia,
140,Postencephalitic parkinsonism,
2800,Photosensitive epilepsy,
815,Central areolar choroidal dystrophy,
5625,Pure autonomic failure,
125,Subacute sclerosing leukoencephalitis,
7580,Rasmussen subacute encephalitis,
915,Exercise-induced malignant hyperthermia,
1465,Spinocerebellar ataxia type 2,
2105,Autosomal dominant childhood-onset proximal spinal muscular atrophy,
1675,Developmental delay with autism spectrum disorder and gait instability,
24525,FLOTCH syndrome,
12130,Severe autosomal recessive macrothrombocytopenia,
1385,Beta-ketothiolase deficiency,
<10,Progressive myoclonic epilepsy with dystonia,
140,X-linked intellectual disability-hypotonia-movement disorder syndrome,
2100,Recurrent infection due to specific granule deficiency,
15420,PMP2-related Charcot-Marie-Tooth disease type 1,
3225,Stormorken-Sjaastad-Langslet syndrome,
7235,Intellectual disability-strabismus syndrome,
5590,Progeroid and marfanoid aspect-lipodystrophy syndrome,
31060,Familial cortical myoclonus,
2200,Linear atrophoderma of Moulin,
650,"Autosomal dominant generalized epidermolysis bullosa simplex, severe form",
24020,Spastic tetraplegia-thin corpus callosum-progressive postnatal microcephaly syndrome,
2305,Congenital trigeminal anesthesia,
515,Gyrate atrophy of choroid and retina,
<10,Partington syndrome,
280,X-linked immunoneurologic disorder,
3835,TMEM70-related mitochondrial encephalo-cardio-myopathy,
3905,Body skin hyperlaxity due to vitamin K-dependent coagulation factor deficiency,
30070,Pyridoxine-dependent epilepsy,
42230,Fever-associated acute infantile liver failure syndrome,
1245,Lennox-Gastaut syndrome,
990,Autosomal recessive nail dysplasia,
3535,Carnitine palmitoyltransferase II deficiency,
2130,Tumor necrosis factor receptor 1 associated periodic syndrome,
18210,Distal renal tubular acidosis,
6180,Childhood-onset benign chorea with striatal involvement,
155,Kennedy disease,
81865,Early-onset progressive neurodegeneration-blindness-ataxia-spasticity syndrome,
81345,Non-syndromic genetic deafness,
8160,Paroxysmal extreme pain disorder,
600,Autosomal erythropoietic protoporphyria,
<10,FRAXE intellectual disability,
3675,Amish nemaline myopathy,
279585,Hypoplasminogenemia,
11240,Myotonia fluctuans,
13050,"X-linked intellectual disability, Cantagrel type",
46135,Linear and whorled nevoid hypermelanosis,
10225,Posterior cortical atrophy,
1900,Hyperphenylalaninemia due to DNAJC12 deficiency,
16730,Hypothalamic hamartomas with gelastic seizures,
3865,Autosomal dominant spastic paraplegia type 42,
26760,Familial thrombocytosis,
310,Non-spherocytic hemolytic anemia due to hexokinase deficiency,
30,Early myoclonic encephalopathy,
225,Fatty acid hydroxylase-associated neurodegeneration,
247360,Hereditary mucoepithelial dysplasia,
4425,Immunodeficiency with factor H anomaly,
525,Continuous spikes and waves during sleep,
7420,Class I glucose-6-phosphate dehydrogenase deficiency,
275,Maternal riboflavin deficiency,
825,X-linked myopathy with excessive autophagy,
575,Annular epidermolytic ichthyosis,
8480,Primary failure of tooth eruption,
12225,Congenital trochlear nerve palsy,
80040,X-linked intellectual disability-ataxia-apraxia syndrome,
10990,Benign occipital epilepsy,
2340,Sporadic infantile bilateral striatal necrosis,
15360,Autosomal dominant intermediate Charcot-Marie-Tooth disease with neuropathic pain,
6845,Medium chain acyl-CoA dehydrogenase deficiency,
655,X-linked dyserythropoietic anemia with abnormal platelets and neutropenia,
90,Glutamate-cysteine ligase deficiency,
13610,Rotor syndrome,
6980,Camptodactyly-arthropathy-coxa-vara-pericarditis syndrome,
17595,Neuronal intranuclear inclusion disease,
630,Congenital brain dysgenesis due to glutamine synthetase deficiency,
2805,Carbamoyl-phosphate synthetase 1 deficiency,
600,Glutaryl-CoA dehydrogenase deficiency,
3635,Mitochondrial myopathy with reversible cytochrome C oxidase deficiency,
2735,Hyperprolinemia type 1,
764100,Benign nocturnal alternating hemiplegia of childhood,
1085,Isolated congenital alacrima,
55450,Amyotrophic lateral sclerosis type 4,
2345,Familial benign copper deficiency,
8475,Dystonia 28,
11360,Hereditary continuous muscle fiber activity,
5685,Intellectual disability-hyperkinetic movement-truncal ataxia syndrome,
1115,Hepatic veno-occlusive disease-immunodeficiency syndrome,
30175,Malignant atrophic papulosis,
723930,Postural orthostatic tachycardia syndrome due to NET deficiency,
4150,Glycogen storage disease due to phosphoglycerate mutase deficiency,
3860,Central core disease,
3155,Bleeding disorder due to P2Y12 defect,
1480,Spinocerebellar ataxia type 4,
1855,X-linked sideroblastic anemia and spinocerebellar ataxia,
15160,Benign infantile seizures associated with mild gastroenteritis,
49415,Laryngeal abductor paralysis-intellectual disability syndrome,
12005,Hereditary thrombocytopenia with normal platelets,
4815,Benign paroxysmal tonic upgaze of childhood with ataxia,
<10,Frontotemporal dementia with motor neuron disease,
225,Infantile neuroaxonal dystrophy,
3685,Piebaldism,
4700,Alkaline ceramidase 3 deficiency,
595,Susceptibility to infection due to TYK2 deficiency,
93565,Ribose-5-P isomerase deficiency,
10,Intermittent hydrarthrosis,
185,Acrodermatitis continua of Hallopeau,
130,Myeloperoxidase deficiency,
24130,Kandori fleck retina,
4910,Familial multiple lipomatosis,
1515,Autosomal dominant dopa-responsive dystonia,
2695,Iminoglycinuria,
505,Global developmental delay-alopecia-macrocephaly-facial dysmorphism-structural brain anomalies syndrome,
2220,Acrogeria,
105,Fatal familial insomnia,
760,Pyruvate carboxylase deficiency,
152600,Myostatin-related muscle hypertrophy,
45650,Congenital fibrinogen deficiency,
9260,Hereditary sensory and autonomic neuropathy type 2,
6020,Primary basilar invagination,
<10,Rigid spine syndrome,
745,Hereditary elliptocytosis,
2455,Recurrent infections associated with rare immunoglobulin isotypes deficiency,
3575,Autosomal recessive mendelian susceptibility to mycobacterial diseases due to partial IFNgammaR2 deficiency,
1265,Moyamoya disease,
445,Marchiafava-Bignami disease,
22295,Retinopathy of prematurity,
4280,Congenital cervical spinal stenosis,
99410,Granulomatous mastitis,
99655,Transgrediens et progrediens palmoplantar keratoderma,
180,Epilepsy with myoclonic absences,
25665,Catastrophic antiphospholipid syndrome,
7575,Infectious panuveitis,
2460,Non-recovering obstetric brachial plexus lesion,
855,Encephalitis lethargica,
2695,Simple cryoglobulinemia,
15330,Early-onset progressive encephalopathy with migrant continuous myoclonus,
966895,Reversible cerebral vasoconstriction syndrome,
1600,Combined hyperactive dysfunction syndrome of the cranial nerves,
<10,Startle epilepsy,
2740,Poliomyelitis,
44435,Eosinophilic angiocentric fibrosis,
6215,Early-onset schizophrenia,
315,Gerstmann syndrome,
6085,Vulvovaginal gingival syndrome,
110240,Familial juvenile hypertrophy of the breast,
241925,Kasabach-Merritt syndrome,
7450,Hemifacial spasm,
2000,Rippling muscle disease with myasthenia gravis,
36755,Fetal and neonatal alloimmune thrombocytopenia,
22805,Mixed-type autoimmune hemolytic anemia,
15580,Superficial siderosis,
325,Isolated agenesis of gallbladder,
<10,Perioral myoclonia with absences,
4740,Postpartum psychosis,
1175,Juvenile overlap myositis,
10285,Psychogenic movement disorders,
29060,Acute pure sensory neuropathy,
27710,Chronic relapsing inflammatory optic neuropathy,
13825,Locked-in syndrome,
3870,Autosomal recessive spastic paraplegia type 35,
310,Congenital cerebellar ataxia due to RNU12 mutation,
14120,Oxoglutaric aciduria,
10145,Primary cutaneous plasmacytosis,
1415,Anterior cutaneous nerve entrapment syndrome,
1485,Transient pseudohypoaldosteronism,
3395,Adult-onset immunodeficiency with anti-interferon-gamma autoantibodies,
2645,Neuromyelitis optica spectrum disorder,
400,Idiopathic hypersomnia,
18665,Sprengel deformity,
255,Sporadic fatal insomnia,
2665,Multiple system atrophy,
1830,Atypical Rett syndrome,
21640,Kimura disease,
245,Reye syndrome,
410,Herpetiform pemphigus,
25,Acquired hypertrichosis lanuginosa,
30015,Interstitial cystitis,
27595,Bullous pemphigoid,
885,Quinquaud folliculitis decalvans,
6115,Oral erosive lichen,
2220,Confetti-like macular atrophy,
2945,Kerion celsi,
1365,Acquired ichthyosis,
260050,Isolated sternocostoclavicular hyperostosis,
810,Wells syndrome,
670,Pemphigus foliaceus,
2425,Kikuchi-Fujimoto disease,
1325,Drug-induced lupus erythematosus,
12820,Schnitzler syndrome,
30665,Retinal ischemic syndrome-digestive tract small vessel hyalinosis-diffuse cerebral calcifications syndrome,
80,Primary anetoderma,
7725,Pyoderma gangrenosum,
1255,Alopecia totalis,
3180,Annular lichen planus,
52205,Fowler urethral sphincter dysfunction syndrome,
180,Pellagra,
9570,Localized scleroderma,
4930,Systemic capillary leak syndrome,
3280,Sweet syndrome,
4685,Neonatal lupus erythematosus,
6075,Rheumatic fever,
6610,Infantile onset panniculitis with uveitis and systemic granulomatosis,
4645,Reactive arthritis,
4755,Hypertrophic or verrucous lupus erythematosus,
10175,Jessner lymphocytic infiltration of the skin,
1890,Stevens-Johnson syndrome/toxic epidermal necrolysis spectrum,
275,Idiopathic recurrent pericarditis,
6580,Neonatal dermatomyositis,
3040,Subacute cutaneous lupus erythematosus,
3615,Dermatitis herpetiformis,
1960,Necrobiosis lipoidica,
230,Chronic actinic dermatitis,
46505,Acromelanosis,
7620,Scleredema,
30225,Fibroblastic rheumatism,
405,Elastosis perforans serpiginosa,
5265,Corticosteroid-sensitive aseptic abscess syndrome,
8555,Benign cephalic histiocytosis,
5015,Adiposis dolorosa,
345,Postorgasmic illness syndrome,
1290,Unexplained long-lasting fever/inflammatory syndrome,
25640,Neonatal antiphospholipid syndrome,
280,Acquired kinky hair syndrome,
235,Nodular non-suppurative panniculitis,
23370,Neonatal autoimmune hemolytic anemia,
170,Pseudopelade of Brocq,
1755,Lichen planopilaris,
99630,Primary essential cutis verticis gyrata,
51635,Dissecting cellulitis of the scalp,
23630,Discoid lupus erythematosus,
11135,Autoerythrocyte sensitization syndrome,
1370,SAPHO syndrome,
740,Epidermolysis bullosa acquisita,
2240,Pemphigus vulgaris,
5095,Cytophagic histiocytic panniculitis,
371035,Polymyalgia rheumatica,
700,Pemphigus erythematosus,
910,Subcorneal pustular dermatosis,
116130,Neonatal scleroderma,
1610,Hydroa vacciniforme,
74915,TEMPI syndrome,
2195,PFAPA syndrome,
745,Anti-p200 pemphigoid,
882905,Hinman syndrome,
1275,Acral persistent papular mucinosis,
90,Pemphigus vegetans,